group,scenario,round,round_millis,metric,value
writer_stop,writer_stop/single_buffered_cancel,0,275.0572,cancel_ms,13.495958
writer_stop,writer_stop/single_buffered_cancel,0,275.0572,cpu_ms,5.990000000000002
writer_stop,writer_stop/single_buffered_cancel,0,275.0572,cpu_percent,2.1777284547126112
writer_stop,writer_stop/single_buffered_cancel,0,275.0572,driver_threads_after_drop,0
writer_stop,writer_stop/single_buffered_cancel,0,275.0572,durable_prefix_bytes,81920
writer_stop,writer_stop/single_buffered_cancel,0,275.0572,process_peak_rss_bytes,50020352
writer_stop,writer_stop/single_buffered_cancel,0,275.0572,received_before_cancel,81920
writer_stop,writer_stop/single_buffered_cancel,0,275.0572,total,13.495958
writer_stop,writer_stop/single_buffered_cancel,0,275.0572,verified,1
writer_stop,writer_stop/single_buffered_cancel,0,275.0572,written_before_cancel,0
writer_stop,writer_stop/single_buffered_cancel,1,273.3950,cancel_ms,13.404791
writer_stop,writer_stop/single_buffered_cancel,1,273.3950,cpu_ms,5.434000000000001
writer_stop,writer_stop/single_buffered_cancel,1,273.3950,cpu_percent,1.9876000603829538
writer_stop,writer_stop/single_buffered_cancel,1,273.3950,driver_threads_after_drop,0
writer_stop,writer_stop/single_buffered_cancel,1,273.3950,durable_prefix_bytes,81920
writer_stop,writer_stop/single_buffered_cancel,1,273.3950,process_peak_rss_bytes,50020352
writer_stop,writer_stop/single_buffered_cancel,1,273.3950,received_before_cancel,81920
writer_stop,writer_stop/single_buffered_cancel,1,273.3950,total,13.404791
writer_stop,writer_stop/single_buffered_cancel,1,273.3950,verified,1
writer_stop,writer_stop/single_buffered_cancel,1,273.3950,written_before_cancel,0
writer_stop,writer_stop/single_buffered_cancel,2,272.8571,cancel_ms,11.171875
writer_stop,writer_stop/single_buffered_cancel,2,272.8571,cpu_ms,4.320000000000001
writer_stop,writer_stop/single_buffered_cancel,2,272.8571,cpu_percent,1.5832461769140171
writer_stop,writer_stop/single_buffered_cancel,2,272.8571,driver_threads_after_drop,0
writer_stop,writer_stop/single_buffered_cancel,2,272.8571,durable_prefix_bytes,81920
writer_stop,writer_stop/single_buffered_cancel,2,272.8571,process_peak_rss_bytes,50102272
writer_stop,writer_stop/single_buffered_cancel,2,272.8571,received_before_cancel,81920
writer_stop,writer_stop/single_buffered_cancel,2,272.8571,total,11.171875
writer_stop,writer_stop/single_buffered_cancel,2,272.8571,verified,1
writer_stop,writer_stop/single_buffered_cancel,2,272.8571,written_before_cancel,0
writer_stop,writer_stop/single_buffered_cancel,3,273.4394,cancel_ms,11.845084
writer_stop,writer_stop/single_buffered_cancel,3,273.4394,cpu_ms,4.42
writer_stop,writer_stop/single_buffered_cancel,3,273.4394,cpu_percent,1.6164458103712238
writer_stop,writer_stop/single_buffered_cancel,3,273.4394,driver_threads_after_drop,0
writer_stop,writer_stop/single_buffered_cancel,3,273.4394,durable_prefix_bytes,81920
writer_stop,writer_stop/single_buffered_cancel,3,273.4394,process_peak_rss_bytes,50020352
writer_stop,writer_stop/single_buffered_cancel,3,273.4394,received_before_cancel,81920
writer_stop,writer_stop/single_buffered_cancel,3,273.4394,total,11.845084
writer_stop,writer_stop/single_buffered_cancel,3,273.4394,verified,1
writer_stop,writer_stop/single_buffered_cancel,3,273.4394,written_before_cancel,0
writer_stop,writer_stop/single_buffered_cancel,4,266.1900,cancel_ms,12.277417
writer_stop,writer_stop/single_buffered_cancel,4,266.1900,cpu_ms,4.413
writer_stop,writer_stop/single_buffered_cancel,4,266.1900,cpu_percent,1.6578381245381073
writer_stop,writer_stop/single_buffered_cancel,4,266.1900,driver_threads_after_drop,0
writer_stop,writer_stop/single_buffered_cancel,4,266.1900,durable_prefix_bytes,81920
writer_stop,writer_stop/single_buffered_cancel,4,266.1900,process_peak_rss_bytes,50135040
writer_stop,writer_stop/single_buffered_cancel,4,266.1900,received_before_cancel,81920
writer_stop,writer_stop/single_buffered_cancel,4,266.1900,total,12.277417
writer_stop,writer_stop/single_buffered_cancel,4,266.1900,verified,1
writer_stop,writer_stop/single_buffered_cancel,4,266.1900,written_before_cancel,0
writer_stop,writer_stop/single_buffered_cancel,5,273.8679,cancel_ms,11.038167
writer_stop,writer_stop/single_buffered_cancel,5,273.8679,cpu_ms,4.345999999999999
writer_stop,writer_stop/single_buffered_cancel,5,273.8679,cpu_percent,1.5868966011438908
writer_stop,writer_stop/single_buffered_cancel,5,273.8679,driver_threads_after_drop,0
writer_stop,writer_stop/single_buffered_cancel,5,273.8679,durable_prefix_bytes,81920
writer_stop,writer_stop/single_buffered_cancel,5,273.8679,process_peak_rss_bytes,50053120
writer_stop,writer_stop/single_buffered_cancel,5,273.8679,received_before_cancel,81920
writer_stop,writer_stop/single_buffered_cancel,5,273.8679,total,11.038167
writer_stop,writer_stop/single_buffered_cancel,5,273.8679,verified,1
writer_stop,writer_stop/single_buffered_cancel,5,273.8679,written_before_cancel,0
writer_stop,writer_stop/single_buffered_cancel,6,270.2064,cancel_ms,10.084083000000001
writer_stop,writer_stop/single_buffered_cancel,6,270.2064,cpu_ms,3.321000000000001
writer_stop,writer_stop/single_buffered_cancel,6,270.2064,cpu_percent,1.2290603742397432
writer_stop,writer_stop/single_buffered_cancel,6,270.2064,driver_threads_after_drop,0
writer_stop,writer_stop/single_buffered_cancel,6,270.2064,durable_prefix_bytes,81920
writer_stop,writer_stop/single_buffered_cancel,6,270.2064,process_peak_rss_bytes,50102272
writer_stop,writer_stop/single_buffered_cancel,6,270.2064,received_before_cancel,81920
writer_stop,writer_stop/single_buffered_cancel,6,270.2064,total,10.084083000000001
writer_stop,writer_stop/single_buffered_cancel,6,270.2064,verified,1
writer_stop,writer_stop/single_buffered_cancel,6,270.2064,written_before_cancel,0
writer_stop,writer_stop/single_buffered_cancel,7,273.2611,cancel_ms,12.412334000000001
writer_stop,writer_stop/single_buffered_cancel,7,273.2611,cpu_ms,4.559
writer_stop,writer_stop/single_buffered_cancel,7,273.2611,cpu_percent,1.6683678297505684
writer_stop,writer_stop/single_buffered_cancel,7,273.2611,driver_threads_after_drop,0
writer_stop,writer_stop/single_buffered_cancel,7,273.2611,durable_prefix_bytes,81920
writer_stop,writer_stop/single_buffered_cancel,7,273.2611,process_peak_rss_bytes,49938432
writer_stop,writer_stop/single_buffered_cancel,7,273.2611,received_before_cancel,81920
writer_stop,writer_stop/single_buffered_cancel,7,273.2611,total,12.412334000000001
writer_stop,writer_stop/single_buffered_cancel,7,273.2611,verified,1
writer_stop,writer_stop/single_buffered_cancel,7,273.2611,written_before_cancel,0
writer_stop,writer_stop/single_buffered_cancel,8,271.5122,cancel_ms,10.539542
writer_stop,writer_stop/single_buffered_cancel,8,271.5122,cpu_ms,3.7410000000000014
writer_stop,writer_stop/single_buffered_cancel,8,271.5122,cpu_percent,1.37783859288626
writer_stop,writer_stop/single_buffered_cancel,8,271.5122,driver_threads_after_drop,0
writer_stop,writer_stop/single_buffered_cancel,8,271.5122,durable_prefix_bytes,81920
writer_stop,writer_stop/single_buffered_cancel,8,271.5122,process_peak_rss_bytes,50036736
writer_stop,writer_stop/single_buffered_cancel,8,271.5122,received_before_cancel,81920
writer_stop,writer_stop/single_buffered_cancel,8,271.5122,total,10.539542
writer_stop,writer_stop/single_buffered_cancel,8,271.5122,verified,1
writer_stop,writer_stop/single_buffered_cancel,8,271.5122,written_before_cancel,0
writer_stop,writer_stop/single_buffered_cancel,9,274.1466,cancel_ms,12.183834
writer_stop,writer_stop/single_buffered_cancel,9,274.1466,cpu_ms,4.525999999999999
writer_stop,writer_stop/single_buffered_cancel,9,274.1466,cpu_percent,1.650941605936412
writer_stop,writer_stop/single_buffered_cancel,9,274.1466,driver_threads_after_drop,0
writer_stop,writer_stop/single_buffered_cancel,9,274.1466,durable_prefix_bytes,81920
writer_stop,writer_stop/single_buffered_cancel,9,274.1466,process_peak_rss_bytes,50020352
writer_stop,writer_stop/single_buffered_cancel,9,274.1466,received_before_cancel,81920
writer_stop,writer_stop/single_buffered_cancel,9,274.1466,total,12.183834
writer_stop,writer_stop/single_buffered_cancel,9,274.1466,verified,1
writer_stop,writer_stop/single_buffered_cancel,9,274.1466,written_before_cancel,0
