group,scenario,round,round_millis,metric,value
client,client/distinct_connect_timeouts/2,0,0.7728,cache_entries,1
client,client/distinct_connect_timeouts/2,0,0.7728,driver_threads,1
client,client/distinct_connect_timeouts/2,0,0.7728,driver_threads_after_drop,0
client,client/distinct_connect_timeouts/2,0,0.7728,residual_released,1
client,client/distinct_connect_timeouts/2,0,0.7728,total,0.5870829999999999
client,client/distinct_connect_timeouts/2,1,0.4753,cache_entries,1
client,client/distinct_connect_timeouts/2,1,0.4753,driver_threads,1
client,client/distinct_connect_timeouts/2,1,0.4753,driver_threads_after_drop,0
client,client/distinct_connect_timeouts/2,1,0.4753,residual_released,1
client,client/distinct_connect_timeouts/2,1,0.4753,total,0.377042
client,client/distinct_connect_timeouts/2,2,0.6643,cache_entries,1
client,client/distinct_connect_timeouts/2,2,0.6643,driver_threads,1
client,client/distinct_connect_timeouts/2,2,0.6643,driver_threads_after_drop,0
client,client/distinct_connect_timeouts/2,2,0.6643,residual_released,1
client,client/distinct_connect_timeouts/2,2,0.6643,total,0.46220799999999995
client,client/distinct_connect_timeouts/2,3,0.8180,cache_entries,1
client,client/distinct_connect_timeouts/2,3,0.8180,driver_threads,1
client,client/distinct_connect_timeouts/2,3,0.8180,driver_threads_after_drop,0
client,client/distinct_connect_timeouts/2,3,0.8180,residual_released,1
client,client/distinct_connect_timeouts/2,3,0.8180,total,0.641208
client,client/distinct_connect_timeouts/2,4,0.7202,cache_entries,1
client,client/distinct_connect_timeouts/2,4,0.7202,driver_threads,1
client,client/distinct_connect_timeouts/2,4,0.7202,driver_threads_after_drop,0
client,client/distinct_connect_timeouts/2,4,0.7202,residual_released,1
client,client/distinct_connect_timeouts/2,4,0.7202,total,0.582708
client,client/distinct_connect_timeouts/2,5,0.5583,cache_entries,1
client,client/distinct_connect_timeouts/2,5,0.5583,driver_threads,1
client,client/distinct_connect_timeouts/2,5,0.5583,driver_threads_after_drop,0
client,client/distinct_connect_timeouts/2,5,0.5583,residual_released,1
client,client/distinct_connect_timeouts/2,5,0.5583,total,0.414083
client,client/distinct_connect_timeouts/2,6,0.5409,cache_entries,1
client,client/distinct_connect_timeouts/2,6,0.5409,driver_threads,1
client,client/distinct_connect_timeouts/2,6,0.5409,driver_threads_after_drop,0
client,client/distinct_connect_timeouts/2,6,0.5409,residual_released,1
client,client/distinct_connect_timeouts/2,6,0.5409,total,0.436666
client,client/distinct_connect_timeouts/2,7,0.5079,cache_entries,1
client,client/distinct_connect_timeouts/2,7,0.5079,driver_threads,1
client,client/distinct_connect_timeouts/2,7,0.5079,driver_threads_after_drop,0
client,client/distinct_connect_timeouts/2,7,0.5079,residual_released,1
client,client/distinct_connect_timeouts/2,7,0.5079,total,0.393416
client,client/distinct_connect_timeouts/2,8,0.4921,cache_entries,1
client,client/distinct_connect_timeouts/2,8,0.4921,driver_threads,1
client,client/distinct_connect_timeouts/2,8,0.4921,driver_threads_after_drop,0
client,client/distinct_connect_timeouts/2,8,0.4921,residual_released,1
client,client/distinct_connect_timeouts/2,8,0.4921,total,0.382791
client,client/distinct_connect_timeouts/2,9,0.4964,cache_entries,1
client,client/distinct_connect_timeouts/2,9,0.4964,driver_threads,1
client,client/distinct_connect_timeouts/2,9,0.4964,driver_threads_after_drop,0
client,client/distinct_connect_timeouts/2,9,0.4964,residual_released,1
client,client/distinct_connect_timeouts/2,9,0.4964,total,0.380334
client,client/distinct_connect_timeouts/8,0,0.4523,cache_entries,1
client,client/distinct_connect_timeouts/8,0,0.4523,driver_threads,1
client,client/distinct_connect_timeouts/8,0,0.4523,driver_threads_after_drop,0
client,client/distinct_connect_timeouts/8,0,0.4523,residual_released,1
client,client/distinct_connect_timeouts/8,0,0.4523,total,0.352875
client,client/distinct_connect_timeouts/8,1,0.4694,cache_entries,1
client,client/distinct_connect_timeouts/8,1,0.4694,driver_threads,1
client,client/distinct_connect_timeouts/8,1,0.4694,driver_threads_after_drop,0
client,client/distinct_connect_timeouts/8,1,0.4694,residual_released,1
client,client/distinct_connect_timeouts/8,1,0.4694,total,0.37512500000000004
client,client/distinct_connect_timeouts/8,2,0.4865,cache_entries,1
client,client/distinct_connect_timeouts/8,2,0.4865,driver_threads,1
client,client/distinct_connect_timeouts/8,2,0.4865,driver_threads_after_drop,0
client,client/distinct_connect_timeouts/8,2,0.4865,residual_released,1
client,client/distinct_connect_timeouts/8,2,0.4865,total,0.382292
client,client/distinct_connect_timeouts/8,3,0.5028,cache_entries,1
client,client/distinct_connect_timeouts/8,3,0.5028,driver_threads,1
client,client/distinct_connect_timeouts/8,3,0.5028,driver_threads_after_drop,0
client,client/distinct_connect_timeouts/8,3,0.5028,residual_released,1
client,client/distinct_connect_timeouts/8,3,0.5028,total,0.403208
client,client/distinct_connect_timeouts/8,4,0.4525,cache_entries,1
client,client/distinct_connect_timeouts/8,4,0.4525,driver_threads,1
client,client/distinct_connect_timeouts/8,4,0.4525,driver_threads_after_drop,0
client,client/distinct_connect_timeouts/8,4,0.4525,residual_released,1
client,client/distinct_connect_timeouts/8,4,0.4525,total,0.343959
client,client/distinct_connect_timeouts/8,5,0.5171,cache_entries,1
client,client/distinct_connect_timeouts/8,5,0.5171,driver_threads,1
client,client/distinct_connect_timeouts/8,5,0.5171,driver_threads_after_drop,0
client,client/distinct_connect_timeouts/8,5,0.5171,residual_released,1
client,client/distinct_connect_timeouts/8,5,0.5171,total,0.376666
client,client/distinct_connect_timeouts/8,6,0.5020,cache_entries,1
client,client/distinct_connect_timeouts/8,6,0.5020,driver_threads,1
client,client/distinct_connect_timeouts/8,6,0.5020,driver_threads_after_drop,0
client,client/distinct_connect_timeouts/8,6,0.5020,residual_released,1
client,client/distinct_connect_timeouts/8,6,0.5020,total,0.38949999999999996
client,client/distinct_connect_timeouts/8,7,0.5915,cache_entries,1
client,client/distinct_connect_timeouts/8,7,0.5915,driver_threads,1
client,client/distinct_connect_timeouts/8,7,0.5915,driver_threads_after_drop,0
client,client/distinct_connect_timeouts/8,7,0.5915,residual_released,1
client,client/distinct_connect_timeouts/8,7,0.5915,total,0.416584
client,client/distinct_connect_timeouts/8,8,0.7183,cache_entries,1
client,client/distinct_connect_timeouts/8,8,0.7183,driver_threads,1
client,client/distinct_connect_timeouts/8,8,0.7183,driver_threads_after_drop,0
client,client/distinct_connect_timeouts/8,8,0.7183,residual_released,1
client,client/distinct_connect_timeouts/8,8,0.7183,total,0.5928329999999999
client,client/distinct_connect_timeouts/8,9,0.8289,cache_entries,1
client,client/distinct_connect_timeouts/8,9,0.8289,driver_threads,1
client,client/distinct_connect_timeouts/8,9,0.8289,driver_threads_after_drop,0
client,client/distinct_connect_timeouts/8,9,0.8289,residual_released,1
client,client/distinct_connect_timeouts/8,9,0.8289,total,0.714291
client,client/distinct_connect_timeouts/32,0,0.5644,cache_entries,1
client,client/distinct_connect_timeouts/32,0,0.5644,driver_threads,1
client,client/distinct_connect_timeouts/32,0,0.5644,driver_threads_after_drop,0
client,client/distinct_connect_timeouts/32,0,0.5644,residual_released,1
client,client/distinct_connect_timeouts/32,0,0.5644,total,0.44579199999999997
client,client/distinct_connect_timeouts/32,1,0.5747,cache_entries,1
client,client/distinct_connect_timeouts/32,1,0.5747,driver_threads,1
client,client/distinct_connect_timeouts/32,1,0.5747,driver_threads_after_drop,0
client,client/distinct_connect_timeouts/32,1,0.5747,residual_released,1
client,client/distinct_connect_timeouts/32,1,0.5747,total,0.462375
client,client/distinct_connect_timeouts/32,2,0.4461,cache_entries,1
client,client/distinct_connect_timeouts/32,2,0.4461,driver_threads,1
client,client/distinct_connect_timeouts/32,2,0.4461,driver_threads_after_drop,0
client,client/distinct_connect_timeouts/32,2,0.4461,residual_released,1
client,client/distinct_connect_timeouts/32,2,0.4461,total,0.355375
client,client/distinct_connect_timeouts/32,3,0.4826,cache_entries,1
client,client/distinct_connect_timeouts/32,3,0.4826,driver_threads,1
client,client/distinct_connect_timeouts/32,3,0.4826,driver_threads_after_drop,0
client,client/distinct_connect_timeouts/32,3,0.4826,residual_released,1
client,client/distinct_connect_timeouts/32,3,0.4826,total,0.3435
client,client/distinct_connect_timeouts/32,4,0.6971,cache_entries,1
client,client/distinct_connect_timeouts/32,4,0.6971,driver_threads,1
client,client/distinct_connect_timeouts/32,4,0.6971,driver_threads_after_drop,0
client,client/distinct_connect_timeouts/32,4,0.6971,residual_released,1
client,client/distinct_connect_timeouts/32,4,0.6971,total,0.499917
client,client/distinct_connect_timeouts/32,5,0.8674,cache_entries,1
client,client/distinct_connect_timeouts/32,5,0.8674,driver_threads,1
client,client/distinct_connect_timeouts/32,5,0.8674,driver_threads_after_drop,0
client,client/distinct_connect_timeouts/32,5,0.8674,residual_released,1
client,client/distinct_connect_timeouts/32,5,0.8674,total,0.708334
client,client/distinct_connect_timeouts/32,6,1.1218,cache_entries,1
client,client/distinct_connect_timeouts/32,6,1.1218,driver_threads,1
client,client/distinct_connect_timeouts/32,6,1.1218,driver_threads_after_drop,0
client,client/distinct_connect_timeouts/32,6,1.1218,residual_released,1
client,client/distinct_connect_timeouts/32,6,1.1218,total,0.869875
client,client/distinct_connect_timeouts/32,7,0.8155,cache_entries,1
client,client/distinct_connect_timeouts/32,7,0.8155,driver_threads,1
client,client/distinct_connect_timeouts/32,7,0.8155,driver_threads_after_drop,0
client,client/distinct_connect_timeouts/32,7,0.8155,residual_released,1
client,client/distinct_connect_timeouts/32,7,0.8155,total,0.655042
client,client/distinct_connect_timeouts/32,8,0.5704,cache_entries,1
client,client/distinct_connect_timeouts/32,8,0.5704,driver_threads,1
client,client/distinct_connect_timeouts/32,8,0.5704,driver_threads_after_drop,0
client,client/distinct_connect_timeouts/32,8,0.5704,residual_released,1
client,client/distinct_connect_timeouts/32,8,0.5704,total,0.45199999999999996
client,client/distinct_connect_timeouts/32,9,0.7027,cache_entries,1
client,client/distinct_connect_timeouts/32,9,0.7027,driver_threads,1
client,client/distinct_connect_timeouts/32,9,0.7027,driver_threads_after_drop,0
client,client/distinct_connect_timeouts/32,9,0.7027,residual_released,1
client,client/distinct_connect_timeouts/32,9,0.7027,total,0.579958
client,client/reuse_same_config,0,0.6804,cache_entries,1
client,client/reuse_same_config,0,0.6804,driver_threads,1
client,client/reuse_same_config,0,0.6804,driver_threads_after_drop,0
client,client/reuse_same_config,0,0.6804,residual_released,1
client,client/reuse_same_config,0,0.6804,total,0.527708
client,client/reuse_same_config,1,0.7199,cache_entries,1
client,client/reuse_same_config,1,0.7199,driver_threads,1
client,client/reuse_same_config,1,0.7199,driver_threads_after_drop,0
client,client/reuse_same_config,1,0.7199,residual_released,1
client,client/reuse_same_config,1,0.7199,total,0.56525
client,client/reuse_same_config,2,0.7540,cache_entries,1
client,client/reuse_same_config,2,0.7540,driver_threads,1
client,client/reuse_same_config,2,0.7540,driver_threads_after_drop,0
client,client/reuse_same_config,2,0.7540,residual_released,1
client,client/reuse_same_config,2,0.7540,total,0.59325
client,client/reuse_same_config,3,0.5840,cache_entries,1
client,client/reuse_same_config,3,0.5840,driver_threads,1
client,client/reuse_same_config,3,0.5840,driver_threads_after_drop,0
client,client/reuse_same_config,3,0.5840,residual_released,1
client,client/reuse_same_config,3,0.5840,total,0.443
client,client/reuse_same_config,4,0.7379,cache_entries,1
client,client/reuse_same_config,4,0.7379,driver_threads,1
client,client/reuse_same_config,4,0.7379,driver_threads_after_drop,0
client,client/reuse_same_config,4,0.7379,residual_released,1
client,client/reuse_same_config,4,0.7379,total,0.5706669999999999
client,client/reuse_same_config,5,0.6186,cache_entries,1
client,client/reuse_same_config,5,0.6186,driver_threads,1
client,client/reuse_same_config,5,0.6186,driver_threads_after_drop,0
client,client/reuse_same_config,5,0.6186,residual_released,1
client,client/reuse_same_config,5,0.6186,total,0.482125
client,client/reuse_same_config,6,0.6639,cache_entries,1
client,client/reuse_same_config,6,0.6639,driver_threads,1
client,client/reuse_same_config,6,0.6639,driver_threads_after_drop,0
client,client/reuse_same_config,6,0.6639,residual_released,1
client,client/reuse_same_config,6,0.6639,total,0.522334
client,client/reuse_same_config,7,1.0574,cache_entries,1
client,client/reuse_same_config,7,1.0574,driver_threads,1
client,client/reuse_same_config,7,1.0574,driver_threads_after_drop,0
client,client/reuse_same_config,7,1.0574,residual_released,1
client,client/reuse_same_config,7,1.0574,total,0.860375
client,client/reuse_same_config,8,0.7223,cache_entries,1
client,client/reuse_same_config,8,0.7223,driver_threads,1
client,client/reuse_same_config,8,0.7223,driver_threads_after_drop,0
client,client/reuse_same_config,8,0.7223,residual_released,1
client,client/reuse_same_config,8,0.7223,total,0.588959
client,client/reuse_same_config,9,0.5525,cache_entries,1
client,client/reuse_same_config,9,0.5525,driver_threads,1
client,client/reuse_same_config,9,0.5525,driver_threads_after_drop,0
client,client/reuse_same_config,9,0.5525,residual_released,1
client,client/reuse_same_config,9,0.5525,total,0.4455
client,client/queue_with_one_permit,0,202.4124,admitted_before_release,1
client,client/queue_with_one_permit,0,202.4124,queue_ms,163.447
client,client/queue_with_one_permit,0,202.4124,queue_waits,2
client,client/queue_with_one_permit,0,202.4124,residual_released,1
client,client/queue_with_one_permit,0,202.4124,total,192.51916699999998
client,client/queue_with_one_permit,0,202.4124,verified,1
client,client/queue_with_one_permit,1,302.2032,admitted_before_release,1
client,client/queue_with_one_permit,1,302.2032,queue_ms,181.89
client,client/queue_with_one_permit,1,302.2032,queue_waits,2
client,client/queue_with_one_permit,1,302.2032,residual_released,1
client,client/queue_with_one_permit,1,302.2032,total,290.856542
client,client/queue_with_one_permit,1,302.2032,verified,1
client,client/queue_with_one_permit,2,212.8571,admitted_before_release,1
client,client/queue_with_one_permit,2,212.8571,queue_ms,175.122
client,client/queue_with_one_permit,2,212.8571,queue_waits,2
client,client/queue_with_one_permit,2,212.8571,residual_released,1
client,client/queue_with_one_permit,2,212.8571,total,202.814875
client,client/queue_with_one_permit,2,212.8571,verified,1
client,client/queue_with_one_permit,3,207.1888,admitted_before_release,1
client,client/queue_with_one_permit,3,207.1888,queue_ms,172.835
client,client/queue_with_one_permit,3,207.1888,queue_waits,2
client,client/queue_with_one_permit,3,207.1888,residual_released,1
client,client/queue_with_one_permit,3,207.1888,total,195.248208
client,client/queue_with_one_permit,3,207.1888,verified,1
client,client/queue_with_one_permit,4,194.1365,admitted_before_release,1
client,client/queue_with_one_permit,4,194.1365,queue_ms,162.057
client,client/queue_with_one_permit,4,194.1365,queue_waits,2
client,client/queue_with_one_permit,4,194.1365,residual_released,1
client,client/queue_with_one_permit,4,194.1365,total,184.109834
client,client/queue_with_one_permit,4,194.1365,verified,1
client,client/queue_with_one_permit,5,195.4872,admitted_before_release,1
client,client/queue_with_one_permit,5,195.4872,queue_ms,159.029
client,client/queue_with_one_permit,5,195.4872,queue_waits,2
client,client/queue_with_one_permit,5,195.4872,residual_released,1
client,client/queue_with_one_permit,5,195.4872,total,186.22975
client,client/queue_with_one_permit,5,195.4872,verified,1
client,client/queue_with_one_permit,6,192.0067,admitted_before_release,1
client,client/queue_with_one_permit,6,192.0067,queue_ms,161.309
client,client/queue_with_one_permit,6,192.0067,queue_waits,2
client,client/queue_with_one_permit,6,192.0067,residual_released,1
client,client/queue_with_one_permit,6,192.0067,total,182.434833
client,client/queue_with_one_permit,6,192.0067,verified,1
client,client/queue_with_one_permit,7,270.5096,admitted_before_release,1
client,client/queue_with_one_permit,7,270.5096,queue_ms,183.366
client,client/queue_with_one_permit,7,270.5096,queue_waits,2
client,client/queue_with_one_permit,7,270.5096,residual_released,1
client,client/queue_with_one_permit,7,270.5096,total,261.92645799999997
client,client/queue_with_one_permit,7,270.5096,verified,1
client,client/queue_with_one_permit,8,236.4642,admitted_before_release,1
client,client/queue_with_one_permit,8,236.4642,queue_ms,158.546
client,client/queue_with_one_permit,8,236.4642,queue_waits,2
client,client/queue_with_one_permit,8,236.4642,residual_released,1
client,client/queue_with_one_permit,8,236.4642,total,221.037167
client,client/queue_with_one_permit,8,236.4642,verified,1
client,client/queue_with_one_permit,9,584.4016,admitted_before_release,1
client,client/queue_with_one_permit,9,584.4016,queue_ms,201.123
client,client/queue_with_one_permit,9,584.4016,queue_waits,2
client,client/queue_with_one_permit,9,584.4016,residual_released,1
client,client/queue_with_one_permit,9,584.4016,total,402.211875
client,client/queue_with_one_permit,9,584.4016,verified,1
client,client/connection_reuse_two_downloads,0,1054.6819,connections,4
client,client/connection_reuse_two_downloads,0,1054.6819,pools,1
client,client/connection_reuse_two_downloads,0,1054.6819,residual_released,1
client,client/connection_reuse_two_downloads,0,1054.6819,total,1041.963875
client,client/connection_reuse_two_downloads,1,942.4745,connections,4
client,client/connection_reuse_two_downloads,1,942.4745,pools,1
client,client/connection_reuse_two_downloads,1,942.4745,residual_released,1
client,client/connection_reuse_two_downloads,1,942.4745,total,939.115625
client,client/connection_reuse_two_downloads,2,778.9436,connections,4
client,client/connection_reuse_two_downloads,2,778.9436,pools,1
client,client/connection_reuse_two_downloads,2,778.9436,residual_released,1
client,client/connection_reuse_two_downloads,2,778.9436,total,771.158875
client,client/connection_reuse_two_downloads,3,903.6699,connections,4
client,client/connection_reuse_two_downloads,3,903.6699,pools,1
client,client/connection_reuse_two_downloads,3,903.6699,residual_released,1
client,client/connection_reuse_two_downloads,3,903.6699,total,893.95375
client,client/connection_reuse_two_downloads,4,972.5265,connections,4
client,client/connection_reuse_two_downloads,4,972.5265,pools,1
client,client/connection_reuse_two_downloads,4,972.5265,residual_released,1
client,client/connection_reuse_two_downloads,4,972.5265,total,964.581042
client,client/connection_reuse_two_downloads,5,1271.8579,connections,4
client,client/connection_reuse_two_downloads,5,1271.8579,pools,1
client,client/connection_reuse_two_downloads,5,1271.8579,residual_released,1
client,client/connection_reuse_two_downloads,5,1271.8579,total,1226.6439579999999
client,client/connection_reuse_two_downloads,6,847.4753,connections,4
client,client/connection_reuse_two_downloads,6,847.4753,pools,1
client,client/connection_reuse_two_downloads,6,847.4753,residual_released,1
client,client/connection_reuse_two_downloads,6,847.4753,total,837.436125
client,client/connection_reuse_two_downloads,7,1408.4762,connections,4
client,client/connection_reuse_two_downloads,7,1408.4762,pools,1
client,client/connection_reuse_two_downloads,7,1408.4762,residual_released,1
client,client/connection_reuse_two_downloads,7,1408.4762,total,1378.823458
client,client/connection_reuse_two_downloads,8,980.4020,connections,4
client,client/connection_reuse_two_downloads,8,980.4020,pools,1
client,client/connection_reuse_two_downloads,8,980.4020,residual_released,1
client,client/connection_reuse_two_downloads,8,980.4020,total,961.783959
client,client/connection_reuse_two_downloads,9,1116.2805,connections,4
client,client/connection_reuse_two_downloads,9,1116.2805,pools,1
client,client/connection_reuse_two_downloads,9,1116.2805,residual_released,1
client,client/connection_reuse_two_downloads,9,1116.2805,total,1105.3036670000001
